id,pid,name,oj
1,0,入门经典,nil
2,1,C3 Array,nil
3,2,Examples,nil
4,3,Code,nil
5,4,272,uva
6,4,10082,uva
7,4,401,uva
8,4,340,uva
9,4,1583,uva
10,4,1584,uva
11,2,Exercises,nil
12,11,1585,uva
13,11,1586,uva
14,11,1225,uva
15,11,455,uva
16,11,227,uva
17,11,232,uva
18,11,1368,uva
19,11,202,uva
20,11,10340,uva
21,11,1587,uva
22,11,1588,uva
23,11,11809,uva
24,1,C4 Func,nil
25,24,Examples,nil
26,25,Code,nil
27,26,489,uva
28,26,133,uva
29,26,213,uva
30,26,512,uva
31,26,12412,uva
32,25,Analysis,nil
33,32,1339,uva
34,24,Exercises,nil
35,34,1589,uva
36,34,201,uva
37,34,220,uva
38,34,253,uva
39,34,1590,uva
40,34,508,uva
41,34,509,uva
42,34,12108,uva
43,34,1591,uva
44,34,815,uva
45,1,C5 C++,nil
46,45,Examples,nil
47,46,Code,nil
48,47,10474,uva
49,47,101,uva
50,47,10815,uva
51,47,156,uva
52,47,12096,uva
53,47,540,uva
54,47,136,uva
55,47,400,uva
56,47,814,uva
57,47,221,uva
58,46,Analysis,nil
59,58,1592,uva
60,58,207,uva
61,45,Exercises,nil
62,61,1593,uva
63,61,1594,uva
64,61,10935,uva
65,61,10763,uva
66,61,10391,uva
67,61,1595,uva
68,61,12100,uva
69,61,230,uva
70,61,1596,uva
71,61,1597,uva
72,61,12504,uva
73,61,511,uva
74,61,822,uva
75,61,1598,uva
76,61,12333,uva
77,61,212,uva
78,1,C6 DS,nil
79,78,Examples,nil
80,79,Code,nil
81,80,514,uva
82,80,442,uva
83,80,11988,uva
84,80,12657,uva
85,80,679,uva
86,80,122,uva
87,80,548,uva
88,80,839,uva
89,80,699,uva
90,80,297,uva
91,80,572,uva
92,80,816,uva
93,80,10305,uva
94,80,10562,uva
95,80,506,uva
96,79,Analysis,nil
97,96,210,uva
98,96,1103,uva
99,96,10129,uva
100,96,12171,uva
101,96,1572,uva
102,96,1599,uva
103,96,11853,uva
104,78,Exercises,nil
105,104,673,uva
106,104,712,uva
107,104,536,uva
108,104,439,uva
109,104,1600,uva
110,104,12166,uva
111,104,804,uva
112,104,806,uva
113,104,127,uva
114,104,246,uva
115,104,10410,uva
116,104,810,uva
117,104,215,uva
118,104,12118,uva
119,1,C7 BF,nil
120,119,Examples,nil
121,120,Code,nil
122,121,524,uva
123,121,129,uva
124,121,10603,uva
125,120,Analysis,nil
126,125,725,uva
127,125,11059,uva
128,125,10976,uva
129,125,140,uva
130,125,1354,uva
131,125,1601,uva
132,125,11212,uva
133,125,12325,uva
134,125,1343,uva
135,125,1374,uva
136,125,1602,uva
137,125,1603,uva
138,119,Exercises,nil
139,138,208,uva
140,138,225,uva
141,138,211,uva
142,138,818,uva
143,138,690,uva
144,138,12113,uva
145,138,12558,uva
146,138,12107,uva
147,138,1604,uva
148,138,11214,uva
149,138,12569,uva
150,138,1533,uva
151,138,817,uva
152,138,307,uva
153,138,11882,uva
154,138,11846,uva
155,138,11694,uva
156,138,10384,uva
157,1,C8 Algo,nil
158,157,Examples,nil
159,158,Code,nil
160,159,11054,uva
161,159,11572,uva
162,159,10954,uva
163,158,Analysis,nil
164,163,120,uva
165,163,1605,uva
166,163,1152,uva
167,163,11134,uva
168,163,1606,uva
169,163,1471,uva
170,163,1451,uva
171,163,714,uva
172,163,12627,uva
173,163,11093,uva
174,163,1607,uva
175,163,12174,uva
176,163,1608,uva
177,163,1609,uva
178,163,1442,uva
179,163,12265,uva
180,157,Exercises,nil
181,180,1149,uva
182,180,1610,uva
183,180,12545,uva
184,180,11491,uva
185,180,177,uva
186,180,1611,uva
187,180,11925,uva
188,180,1612,uva
189,180,1613,uva
190,180,1614,uva
191,180,1615,uva
192,180,1153,uva
193,180,10570,uva
194,180,1616,uva
195,180,1617,uva
196,180,1618,uva
197,180,11536,uva
198,180,1619,uva
199,180,1312,uva
200,180,1620,uva
201,180,1621,uva
202,180,1622,uva
203,180,1623,uva
204,180,10366,uva
205,180,11175,uva
206,180,12559,uva
207,180,1580,uva
208,180,1624,uva
209,1,C9 DP,nil
210,209,Examples,nil
211,210,Code,nil
212,211,1025,uva
213,211,116,uva
214,211,1626,uva
215,211,12186,uva
216,211,10817,uva
217,211,1412,uva
218,210,Analysis,nil
219,218,437,uva
220,218,1347,uva
221,218,12563,uva
222,218,11400,uva
223,218,11584,uva
224,218,1625,uva
225,218,10003,uva
226,218,1331,uva
227,218,1220,uva
228,218,1218,uva
229,218,1252,uva
230,218,10618,uva
231,218,1627,uva
232,218,10934,uva
233,218,1336,uva
234,218,12105,uva
235,218,1204,uva
236,218,12099,uva
237,218,12170,uva
238,218,1380,uva
239,218,10559,uva
240,218,1439,uva
241,218,1228,uva
242,218,1375,uva
243,218,1628,uva
244,209,Exercises,nil
245,244,10285,uva
246,244,10118,uva
247,244,1629,uva
248,244,1630,uva
249,244,242,uva
250,244,10723,uva
251,244,1631,uva
252,244,1632,uva
253,244,10163,uva
254,244,10641,uva
255,244,1633,uva
256,244,12093,uva
257,244,1289,uva
258,244,1543,uva
259,244,12589,uva
260,244,1634,uva
261,244,10271,uva
262,244,1379,uva
263,244,1443,uva
264,244,12222,uva
265,244,1371,uva
266,244,1579,uva
267,244,1322,uva
268,1,C10 Math,nil
269,268,Examples,nil
270,269,Code,nil
271,270,10375,uva
272,270,11440,uva
273,269,Analysis,nil
274,273,11582,uva
275,273,12169,uva
276,273,10791,uva
277,273,12716,uva
278,273,1635,uva
279,273,10820,uva
280,273,1262,uva
281,273,1636,uva
282,273,10491,uva
283,273,11181,uva
284,273,1637,uva
285,273,580,uva
286,273,12034,uva
287,273,1638,uva
288,273,12230,uva
289,273,1639,uva
290,273,10288,uva
291,273,11346,uva
292,273,10900,uva
293,273,11971,uva
294,273,1640,uva
295,273,10213,uva
296,273,1641,uva
297,273,1363,uva
298,273,10214,uva
299,273,1393,uva
300,273,1642,uva
301,268,Exercises,nil
302,301,11040,uva
303,301,808,uva
304,301,1643,uva
305,301,1644,uva
306,301,1213,uva
307,301,1210,uva
308,301,10539,uva
309,301,10622,uva
310,301,294,uva
311,301,1645,uva
312,301,1646,uva
313,301,557,uva
314,301,11526,uva
315,301,10886,uva
316,301,12063,uva
317,301,1647,uva
318,301,11105,uva
319,301,10837,uva
320,301,10868,uva
321,301,1648,uva
322,301,1649,uva
323,301,10640,uva
324,301,10479,uva
325,301,766,uva
326,301,1575,uva
327,301,12520,uva
328,301,1390,uva
329,301,1650,uva
330,301,11982,uva
331,301,12371,uva
332,301,12590,uva
333,301,1414,uva
334,301,1651,uva
335,301,12212,uva
336,301,1282,uva
337,301,1652,uva
338,301,1653,uva
339,301,10824,uva
340,301,11186,uva
341,301,12535,uva
342,301,1406,uva
343,301,12508,uva
344,301,1654,uva
345,301,11246,uva
346,301,11166,uva
347,301,11895,uva
348,301,11429,uva
349,301,1655,uva
350,301,1656,uva
351,301,11303,uva
352,301,1657,uva
353,1,C11 Graph,nil
354,353,Examples,nil
355,354,Analysis,nil
356,355,12219,uva
357,355,1395,uva
358,355,1151,uva
359,355,247,uva
360,355,10048,uva
361,355,658,uva
362,355,753,uva
363,355,11082,uva
364,355,1658,uva
365,355,1349,uva
366,355,12661,uva
367,355,1515,uva
368,355,10735,uva
369,355,1279,uva
370,355,1659,uva
371,353,Exercises,nil
372,371,821,uva
373,371,1001,uva
374,371,820,uva
375,371,1660,uva
376,371,1661,uva
377,371,1662,uva
378,371,10801,uva
379,371,1663,uva
380,371,12549,uva
381,371,12011,uva
382,371,1664,uva
383,371,1665,uva
384,371,1666,uva
385,371,1667,uva
386,371,1668,uva
387,371,1669,uva
388,371,1670,uva
389,371,12214,uva
390,371,1518,uva
391,371,12433,uva
392,371,11671,uva
1000,0,训练指南,nil
1001,1000,C1 AD,nil
1002,1001,General Problem Solving Techniques,nil
1003,1002,Examples,nil
1004,1003,Code,nil
1005,1004,11292,uva
1006,1004,11729,uva
1007,1004,11300,uva
1008,1004,1388,uva
1009,1004,10881,uva
1010,1004,1030,uva
1011,1004,11464,uva
1012,1004,1352,uva
1013,1004,11210,uva
1014,1004,11384,uva
1015,1004,10795,uva
1016,1004,12124,uva
1017,1004,12097,uva
1018,1004,11520,uva
1019,1004,1267,uva
1020,1004,1335,uva
1021,1002,Exercises: Beginner,nil
1022,1021,Recommendation,nil
1023,1022,11636,uva
1024,1022,11039,uva
1025,1022,1339,uva
1026,1022,1368,uva
1027,1022,10970,uva
1028,1022,10340,uva
1029,1022,10382,uva
1030,1022,1346,uva
1031,1022,1508,uva
1032,1022,1509,uva
1033,1021,Extra,nil
1034,1033,10012,uva
1035,1033,10020,uva
1036,1033,10026,uva
1037,1033,10317,uva
1038,1033,10318,uva
1039,1033,10670,uva
1040,1033,1523,uva
1041,1033,1555,uva
1042,1033,1533,uva
1043,1033,110,uva
1044,1033,120,uva
1045,1033,254,uva
1046,1033,311,uva
1047,1033,434,uva
1048,1033,669,uva
1049,1033,757,uva
1050,1033,769,uva
1051,1033,812,uva
1052,1033,140,uva
1053,1033,165,uva
1054,1033,225,uva
1055,1033,269,uva
1056,1033,387,uva
1057,1033,471,uva
1058,1033,524,uva
1059,1033,585,uva
1060,1033,654,uva
1061,1033,656,uva
1062,1033,687,uva
1063,1033,817,uva
1064,1033,818,uva
1065,1002,Exercises: Intermediate,nil
1066,1065,Recommendation,nil
1067,1066,10905,uva
1068,1066,1422,uva
1069,1066,11627,uva
1070,1066,11134,uva
1071,1066,11100,uva
1072,1066,1344,uva
1073,1066,11389,uva
1074,1066,1418,uva
1075,1066,1153,uva
1076,1066,1445,uva
1077,1066,1421,uva
1078,1066,1377,uva
1079,1066,1354,uva
1080,1066,1374,uva
1081,1066,Extra,nil
1082,1081,1419,uva
1083,1081,1420,uva
1084,1081,10037,uva
1085,1081,10602,uva
1086,1081,10716,uva
1087,1081,11127,uva
1088,1081,10120,uva
1089,1081,10123,uva
1090,1081,10366,uva
1091,1081,10396,uva
1092,1081,10479,uva
1093,1081,10483,uva
1094,1081,10570,uva
1095,1081,10609,uva
1096,1081,10624,uva
1097,1081,10729,uva
1098,1081,10747,uva
1099,1081,10771,uva
1100,1081,11012,uva
1101,1081,11106,uva
1102,1081,11269,uva
1103,1081,11387,uva
1104,1081,11714,uva
1105,1081,11776,uva
1106,1081,11920,uva
1107,1081,11986,uva
1108,1081,1554,uva
1109,1081,1531,uva
1110,1081,668,uva
1111,1081,714,uva
1112,1081,211,uva
1113,1081,219,uva
1114,1081,229,uva
1115,1081,279,uva
1116,1081,307,uva
1117,1081,322,uva
1118,1081,502,uva
1119,1081,510,uva
1120,1081,519,uva
1121,1081,529,uva
1122,1081,589,uva
1123,1081,609,uva
1124,1081,646,uva
1125,1081,649,uva
1126,1081,690,uva
1127,1081,764,uva
1128,1081,770,uva
1129,1081,772,uva
1130,1081,798,uva
1131,1002,Exercises: Advanced,nil
1132,1131,Recommendation,nil
1133,1132,1450,uva
1134,1132,1467,uva
1135,1132,1316,uva
1136,1132,1491,uva
1137,1132,12326,uva
1138,1132,10825,uva
1139,1132,10639,uva
1140,1132,1355,uva
1141,1132,1295,uva
1142,1132,1448,uva
1143,1131,Extra,nil
1144,1143,10383,uva
1145,1143,10411,uva
1146,1143,10414,uva
1147,1143,10492,uva
1148,1143,10571,uva
1149,1143,10605,uva
1150,1143,10628,uva
1151,1143,10632,uva
1152,1143,10833,uva
1153,1143,11694,uva
1154,1143,11794,uva
1155,1143,11846,uva
1156,1143,10272,uva
1157,1143,10471,uva
1158,1143,10640,uva
1159,1143,10658,uva
1160,1143,10675,uva
1161,1143,10786,uva
1162,1143,10904,uva
1163,1143,11006,uva
1164,1143,11041,uva
1165,1143,11129,uva
1166,1143,11142,uva
1167,1143,11184,uva
1168,1143,11251,uva
1169,1143,11268,uva
1170,1143,11318,uva
1171,1143,11445,uva
1172,1143,11522,uva
1173,1143,11527,uva
1174,1143,11570,uva
1175,1143,11630,uva
1176,1143,11814,uva
1177,1143,11925,uva
1178,1143,12011,uva
1179,1143,1535,uva
1180,1143,1536,uva
1181,1143,135,uva
1182,1143,605,uva
1183,1143,608,uva
1184,1143,799,uva
1185,1001,Designing Efficient Algorithms,nil
1186,1185,Examples,nil
1187,1186,Code,nil
1188,1187,11462,uva
1189,1187,11078,uva
1190,1187,11549,uva
1191,1187,1398,uva
1192,1187,1121,uva
1193,1187,1330,uva
1194,1187,1382,uva
1195,1187,10755,uva
1196,1187,1326,uva
1197,1185,Exercises: Beginner,nil
1198,1197,Recommendation,nil
1199,1198,10125,uva
1200,1198,10763,uva
1201,1198,10391,uva
1202,1198,11054,uva
1203,1197,Extra,nil
1204,1203,1312,uva
1205,1203,10535,uva
1206,1203,10730,uva
1207,1203,10810,uva
1208,1203,221,uva
1209,1203,517,uva
1210,1185,Exercises: Intermediate,nil
1211,1210,Recommendation,nil
1212,1211,1325,uva
1213,1211,10827,uva
1214,1211,1451,uva
1215,1211,12265,uva
1216,1211,1432,uva
1217,1211,1312,uva
1218,1211,1481,uva
1219,1211,1392,uva
1220,1211,1442,uva
1221,1211,1381,uva
1222,1211,12174,uva
1223,1211,1511,uva
1224,1211,12121,uva
1225,1210,Extra,nil
1226,1225,10132,uva
1227,1225,10691,uva
1228,1225,11589,uva
1229,1225,11536,uva
1230,1225,11572,uva
1231,1225,1548,uva
1232,1225,1526,uva
1233,1185,Exercises: Advanced,nil
1234,1233,Recommendation,nil
1235,1234,1468,uva
1236,1234,1444,uva
1237,1001,Dynamic Programming,nil
1238,1237,Examples,nil
1239,1238,Code,nil
1240,1239,1394,uva
1241,1239,10635,uva
1242,1239,10891,uva
1243,1239,11825,uva
1244,1239,10859,uva
1245,1239,1169,uva
1246,1239,1099,uva
1247,1237,Exercises: Beginner,nil
1248,1247,Recommendation,nil
1249,1248,11584,uva
1250,1248,1424,uva
1251,1248,10534,uva
1252,1248,11552,uva
1253,1248,11404,uva
1254,1248,1456,uva
1255,1248,11795,uva
1256,1248,1452,uva
1257,1248,1366,uva
1258,1248,10564,uva
1259,1248,10817,uva
1260,1248,1292,uva
1261,1248,1351,uva
1262,1248,1291,uva
1263,1248,1252,uva
1264,1247,Extra,nil
1265,1264,10163,uva
1266,1264,10453,uva
1267,1264,10254,uva
1268,1264,437,uva
1269,1264,442,uva
1270,1264,473,uva
1271,1264,590,uva
1272,1264,607,uva
1273,1264,662,uva
1274,1264,672,uva
1275,1237,Exercises: Intermediate,nil
1276,1275,Recommendation,nil
1277,1276,12260,uva
1278,1276,1427,uva
1279,1276,1407,uva
1280,1276,12235,uva
1281,1276,11600,uva
1282,1276,1474,uva
1283,1276,12222,uva
1284,1276,12223,uva
1285,1276,1414,uva
1286,1276,1347,uva
1287,1276,12080,uva
1288,1276,1379,uva
1289,1276,1370,uva
1290,1276,1371,uva
1291,1276,1372,uva
1292,1276,1299,uva
1293,1276,1331,uva
1294,1276,1390,uva
1295,1276,1484,uva
1296,1276,12105,uva
1297,1275,Extra,nil
1298,1297,10003,uva
1299,1297,10239,uva
1300,1297,10271,uva
1301,1297,10304,uva
1302,1297,10599,uva
1303,1297,10604,uva
1304,1297,10618,uva
1305,1297,10641,uva
1306,1297,10671,uva
1307,1297,10688,uva
1308,1297,11263,uva
1309,1297,11400,uva
1310,1297,11578,uva
1311,1297,11691,uva
1312,1297,11766,uva
1313,1297,12002,uva
1314,1297,10723,uva
1315,1297,10934,uva
1316,1297,10981,uva
1317,1297,11307,uva
1318,1297,11456,uva
1319,1297,11782,uva
1320,1297,1534,uva
1321,1297,1543,uva
1322,1237,Exercises: Advanced,nil
1323,1322,Recommendation,nil
1324,1323,1437,uva
1325,1323,1439,uva
1326,1323,1412,uva
1327,1323,1443,uva
1328,1323,1380,uva
1329,1323,12099,uva
1330,1323,1496,uva
1331,1323,1375,uva
1332,1323,1405,uva
1333,1323,1297,uva
1334,1323,1320,uva
1335,1323,1322,uva
1336,1323,1336,uva
1337,1323,12170,uva
1338,1323,10559,uva
1339,1323,1228,uva
1340,1323,11521,uva
1341,1322,Extra,nil
1342,1341,10949,uva
1343,1341,11193,uva
1344,1341,11194,uva
1345,1341,11810,uva
1346,1341,11171,uva
1347,1341,11435,uva
1348,1341,11502,uva
1349,1341,11750,uva
1350,1341,11803,uva
1351,1000,C2 ProMath,nil
1352,1351,Basic Problems,nil
1353,1352,Recommendation,nil
1354,1353,11388,uva
1355,1353,11889,uva
1356,1353,10943,uva
1357,1353,10780,uva
1358,1353,10892,uva
1359,1353,11752,uva
1360,1353,11076,uva
1361,1353,11609,uva
1362,1353,12050,uva
1363,1353,11489,uva
1364,1353,10791,uva
1365,1353,11461,uva
1366,1353,1319,uva
1367,1353,1315,uva
1368,1352,Extra,nil
1369,1368,10339,uva
1370,1368,10367,uva
1371,1368,10586,uva
1372,1368,10693,uva
1373,1368,10726,uva
1374,1368,10773,uva
1375,1368,10995,uva
1376,1368,11029,uva
1377,1368,11314,uva
1378,1368,1530,uva
1379,1368,1529,uva
1380,1368,244,uva
1381,1368,278,uva
1382,1368,591,uva
1383,1368,616,uva
1384,1368,617,uva
1385,1368,618,uva
1386,1368,783,uva
1387,1368,797,uva
1388,1368,808,uva
1389,1351,Counting,nil
1390,1389,Examples,nil
1391,1390,Code,nil
1392,1391,11538,uva
1393,1391,11401,uva
1394,1391,11806,uva
1395,1391,1362,uva
1396,1391,1073,uva
1397,1391,10253,uva
1398,1390,Analysis,nil
1399,1398,11361,uva
1400,1389,Exercises: Beginner,nil
1401,1400,Recommendation,nil
1402,1401,11038,uva
1403,1401,10883,uva
1404,1401,1510,uva
1405,1401,1350,uva
1406,1401,11645,uva
1407,1400,Extra,nil
1408,1407,10079,uva
1409,1407,10081,uva
1410,1407,10157,uva
1411,1407,10312,uva
1412,1407,10497,uva
1413,1407,417,uva
1414,1407,580,uva
1415,1389,Exercises: Intermediate,nil
1416,1415,Recommendation,nil
1417,1416,1393,uva
1418,1416,12075,uva
1419,1416,11529,uva
1420,1416,12123,uva
1421,1416,1436,uva
1422,1416,11481,uva
1423,1416,1425,uva
1424,1416,10237,uva
1425,1415,Extra,nil
1426,1425,10128,uva
1427,1425,10458,uva
1428,1425,10623,uva
1429,1425,10712,uva
1430,1425,11290,uva
1431,1425,11421,uva
1432,1425,11885,uva
1433,1425,12034,uva
1434,1425,12508,uva
1435,1425,10574,uva
1436,1425,10581,uva
1437,1425,10593,uva
1438,1425,10843,uva
1439,1425,10844,uva
1440,1425,11123,uva
1441,1425,11133,uva
1442,1425,766,uva
1443,1389,Exercises: Advanced,nil
1444,1443,Recommendation,nil
1445,1444,11139,uva
1446,1444,10884,uva
1447,1444,1485,uva
1448,1444,1478,uva
1449,1444,1489,uva
1450,1444,1430,uva
1451,1443,Extra,nil
1452,1451,10743,uva
1453,1451,11379,uva
1454,1451,11625,uva
1455,1451,10643,uva
1456,1451,10694,uva
1457,1451,10824,uva
1458,1451,11303,uva
1459,1451,11915,uva
1460,1451,12037,uva
1461,1351,Number Theory,nil
1462,1461,Examples,nil
1463,1462,Code,nil
1464,1463,11426,uva
1465,1463,11754,uva
1466,1463,11916,uva
1467,1462,Analysis,nil
1468,1467,1069,uva
1469,1461,Exercises: Beginner,nil
1470,1469,Recommendation,nil
1471,1470,10673,uva
1472,1470,11490,uva
1473,1470,11728,uva
1474,1470,10692,uva
1475,1470,10951,uva
1476,1469,Extra,nil
1477,1476,1415,uva
1478,1476,10061,uva
1479,1476,10090,uva
1480,1476,10110,uva
1481,1476,10127,uva
1482,1476,10140,uva
1483,1476,10368,uva
1484,1476,10515,uva
1485,1476,10539,uva
1486,1476,10560,uva
1487,1476,10622,uva
1488,1476,10710,uva
1489,1476,11105,uva
1490,1476,138,uva
1491,1476,294,uva
1492,1476,463,uva
1493,1476,467,uva
1494,1476,550,uva
1495,1476,701,uva
1496,1476,718,uva
1497,1476,756,uva
1498,1461,Exercises: Intermediate,nil
1499,1498,Recommendation,nil
1500,1499,11768,uva
1501,1499,1426,uva
1502,1499,1431,uva
1503,1499,1521,uva
1504,1499,11014,uva
1505,1499,1126,uva
1506,1499,12119,uva
1507,1499,1404,uva
1508,1499,1323,uva
1509,1499,1341,uva
1510,1499,1363,uva
1511,1499,1434,uva
1512,1498,Extra,nil
1513,1512,10162,uva
1514,1512,10236,uva
1515,1512,10413,uva
1516,1512,10548,uva
1517,1512,10555,uva
1518,1512,10620,uva
1519,1512,10627,uva
1520,1512,10837,uva
1521,1512,11237,uva
1522,1512,11440,uva
1523,1512,11657,uva
1524,1512,10542,uva
1525,1512,10831,uva
1526,1512,11024,uva
1527,1512,11246,uva
1528,1512,11256,uva
1529,1512,11317,uva
1530,1512,12009,uva
1531,1512,1549,uva
1532,1512,1550,uva
1533,1512,1538,uva
1534,1512,1539,uva
1535,1461,Exercises: Advanced,nil
1536,1535,Recommendation,nil
1537,1536,12253,uva
1538,1536,1503,uva
1539,1536,1435,uva
1540,1351,Game Theory,nil
1541,1540,Examples,nil
1542,1541,Code,nil
1543,1542,1482,uva
1544,1541,Analysis,nil
1545,1544,10561,uva
1546,1540,Exercises: Beginner,nil
1547,1546,Recommendation,nil
1548,1547,12293,uva
1549,1547,11892,uva
1550,1546,Extra,nil
1551,1550,11927,uva
1552,1550,10165,uva
1553,1550,11534,uva
1554,1550,847,uva
1555,1550,1557,uva
1556,1550,1559,uva
1557,1550,1558,uva
1558,1540,Exercises: Intermediate,nil
1559,1558,Recommendation,nil
1560,1559,1378,uva
1561,1559,12163,uva
1562,1558,Extra,nil
1563,1562,11249,uva
1564,1562,1566,uva
1565,1540,Exercises: Advanced,nil
1566,1565,Recommendation,nil
1567,1566,1500,uva
1568,1565,Extra,nil
1569,1568,11758,uva
1570,1568,12033,uva
1571,1568,12370,uva
1572,1568,1567,uva
1573,1568,1561,uva
1574,1351,Probability,nil
1575,1574,Examples,nil
1576,1575,Code,nil
1577,1576,11021,uva
1578,1576,11427,uva
1579,1576,11762,uva
1580,1575,Analysis,nil
1581,1580,11722,uva
1582,1574,Exercises: Beginner,nil
1583,1582,Recommendation,nil
1584,1583,12230,uva
1585,1583,11181,uva
1586,1583,10491,uva
1587,1583,10900,uva
1588,1582,Extra,nil
1589,1588,10288,uva
1590,1588,11291,uva
1591,1588,11346,uva
1592,1588,1541,uva
1593,1588,542,uva
1594,1588,557,uva
1595,1574,Exercises: Intermediate,nil
1596,1595,Recommendation,nil
1597,1596,11637,uva
1598,1596,11605,uva
1599,1595,Extra,nil
1600,1599,10417,uva
1601,1599,10529,uva
1602,1599,11176,uva
1603,1599,11971,uva
1604,1574,Exercises: Advanced,nil
1605,1604,Recommendation,nil
1606,1605,1498,uva
1607,1605,1413,uva
1608,1605,1300,uva
1609,1605,12164,uva
1610,1604,Extra,nil
1611,1610,11429,uva
1612,1351,Permutation,nil
1613,1612,Examples,nil
1614,1613,Code,nil
1615,1614,10294,uva
1616,1614,12103,uva
1617,1614,11077,uva
1618,1613,Analysis,nil
1619,1618,1156,uva
1620,1612,Exercises: Beginner,nil
1621,1620,Recommendation,nil
1622,1621,10601,uva
1623,1621,11774,uva
1624,1621,10733,uva
1625,1620,Extra,nil
1626,1625,239,uva
1627,1625,306,uva
1628,1612,Exercises: Intermediate,nil
1629,1628,Recommendation,nil
1630,1629,11330,uva
1631,1629,11255,uva
1632,1629,1016,uva
1633,1628,Extra,nil
1634,1633,716,uva
1635,1612,Exercises: Advanced,nil
1636,1635,Recommendation,nil
1637,1636,11540,uva
1638,1636,12387,uva
1639,1635,Extra,nil
1640,1639,11924,uva
1641,1639,11118,uva
1642,1639,11698,uva
1643,1351,Matrix & System of Linear Equations,nil
1644,1643,Examples,nil
1645,1644,Code,nil
1646,1645,10828,uva
1647,1645,11542,uva
1648,1644,Analysis,nil
1649,1648,10870,uva
1650,1648,1386,uva
1651,1643,Exercises: Beginner,nil
1652,1651,Recommendation,nil
1653,1652,10655,uva
1654,1652,11149,uva
1655,1651,Extra,nil
1656,1655,1560,uva
1657,1655,10689,uva
1658,1655,11551,uva
1659,1655,1546,uva
1660,1655,472,uva
1661,1655,684,uva
1662,1643,Exercises: Intermediate,nil
1663,1662,Recommendation,nil
1664,1663,10808,uva
1665,1663,1397,uva
1666,1662,Extra,nil
1667,1666,1564,uva
1668,1666,1563,uva
1669,1666,1562,uva
1670,1666,1551,uva
1671,1666,11651,uva
1672,1666,720,uva
1673,1643,Exercises: Advanced,nil
1674,1673,Recommendation,nil
1675,1674,1332,uva
1676,1673,Extra,nil
1677,1676,11778,uva
1678,1351,Numerical Methods,nil
1679,1678,Examples,nil
1680,1679,Code,nil
1681,1680,10341,uva
1682,1680,1476,uva
1683,1680,1356,uva
1684,1678,Exercises: Beginner,nil
1685,1684,Recommendation,nil
1686,1685,10668,uva
1687,1685,10385,uva
1688,1684,Extra,nil
1689,1688,10693,uva
1690,1688,10428,uva
1691,1688,1524,uva
1692,1688,474,uva
1693,1678,Exercises: Intermediate,nil
1694,1693,Recommendation,nil
1695,1694,1487,uva
1696,1694,1403,uva
1697,1694,1429,uva
1698,1693,Extra,nil
1699,1698,11102,uva
1700,1698,10228,uva
1701,1678,Exercises: Advanced,nil
1702,1701,Recommendation,nil
1703,1702,12413,uva
1704,1701,Extra,nil
1705,1704,10631,uva
1706,1704,10727,uva
1707,1704,11102,uva
1708,1704,11120,uva
1709,1704,11702,uva
1710,1704,11901,uva
1711,1000,C3 ProDS,nil
1712,1711,Fundamental Data Structures,nil
1713,1712,Examples,nil
1714,1713,Code,nil
1715,1714,11991,uva
1716,1714,1203,uva
1717,1714,11997,uva
1718,1714,1160,uva
1719,1714,1329,uva
1720,1713,Analysis,nil
1721,1720,11995,uva
1722,1712,Exercises: Beginner,nil
1723,1722,Recommendation,nil
1724,1723,11988,uva
1725,1723,11136,uva
1726,1722,Extra,nil
1727,1726,10588,uva
1728,1726,10410,uva
1729,1726,10895,uva
1730,1726,246,uva
1731,1726,514,uva
1732,1726,536,uva
1733,1726,548,uva
1734,1712,Exercises: Intermediate,nil
1735,1734,Recommendation,nil
1736,1735,12232,uva
1737,1735,11987,uva
1738,1735,12130,uva
1739,1735,12096,uva
1740,1734,Extra,nil
1741,1740,10273,uva
1742,1740,305,uva
1743,1740,501,uva
1744,1740,540,uva
1745,1740,586,uva
1746,1712,Exercises: Advanced,nil
1747,1746,Recommendation,nil
1748,1747,1517,uva
1749,1711,Maintaining Interval Data,nil
1750,1749,Examples,nil
1751,1750,Code,nil
1752,1751,11992,uva
1753,1750,Analysis,nil
1754,1753,1428,uva
1755,1753,11235,uva
1756,1753,1400,uva
1757,1749,Exercises: Beginner,nil
1758,1757,Recommendation,nil
1759,1758,12086,uva
1760,1758,1513,uva
1761,1758,12299,uva
1762,1758,1232,uva
1763,1758,11525,uva
1764,1757,Extra,nil
1765,1764,11402,uva
1766,1749,Exercises: Intermediate,nil
1767,1766,Recommendation,nil
1768,1767,1455,uva
1769,1767,1492,uva
1770,1767,1493,uva
1771,1767,1406,uva
1772,1766,Extra,nil
1773,1772,10869,uva
1774,1772,11423,uva
1775,1772,11898,uva
1776,1772,11983,uva
1777,1749,Exercises: Advanced,nil
1778,1777,Recommendation,nil
1779,1778,1520,uva
1780,1711,String Algorithms,nil
1781,1780,Examples,nil
1782,1781,Code,nil
1783,1782,1328,uva
1784,1782,1449,uva
1785,1782,11468,uva
1786,1782,12206,uva
1787,1781,Analysis,nil
1788,1787,1401,uva
1789,1787,11732,uva
1790,1787,11019,uva
1791,1787,11107,uva
1792,1780,Exercises: Beginner,nil
1793,1792,Recommendation,nil
1794,1793,11488,uva
1795,1793,1519,uva
1796,1793,1399,uva
1797,1792,Extra,nil
1798,1797,10298,uva
1799,1797,10887,uva
1800,1797,11475,uva
1801,1797,12338,uva
1802,1797,1556,uva
1803,1797,257,uva
1804,1797,261,uva
1805,1797,282,uva
1806,1797,475,uva
1807,1780,Exercises: Intermediate,nil
1808,1807,Recommendation,nil
1809,1808,1385,uva
1810,1808,1314,uva
1811,1808,1076,uva
1812,1808,10829,uva
1813,1808,1358,uva
1814,1808,1462,uva
1815,1807,Extra,nil
1816,1815,10526,uva
1817,1815,11557,uva
1818,1815,11855,uva
1819,1815,11888,uva
1820,1815,12012,uva
1821,1815,719,uva
1822,1780,Exercises: Advanced,nil
1823,1822,Recommendation,nil
1824,1823,1470,uva
1825,1823,1502,uva
1826,1823,1441,uva
1827,1711,Binary Search Trees,nil
1828,1827,Examples,nil
1829,1828,Code,nil
1830,1829,11020,uva
1831,1829,1479,uva
1832,1829,11922,uva
1833,1828,Analysis,nil
1834,1833,11996,uva
1835,1827,Exercises: Beginner,nil
1836,1835,Recommendation,nil
1837,1836,1264,uva
1838,1836,1402,uva
1839,1836,1471,uva
1840,1835,Extra,nil
1841,1840,11688,uva
1842,1840,10821,uva
1843,1840,1525,uva
1844,1840,10909,uva
1845,1827,Exercises: Intermediate,nil
1846,1845,Recommendation,nil
1847,1846,12329,uva
1848,1846,1365,uva
1849,1845,Extra,nil
1850,1849,11672,uva
1851,1827,Exercises: Advanced,nil
1852,1851,Recommendation,nil
1853,1852,12419,uva
1854,1851,Extra,nil
1855,1854,12538,uva
1856,1854,11989,uva
1857,1000,C4 Geometry,nil
1858,1857,Basic Problems,nil
1859,1858,Recommendation,nil
1860,1859,11437,uva
1861,1859,11800,uva
1862,1859,11646,uva
1863,1859,11817,uva
1864,1859,1473,uva
1865,1859,11524,uva
1866,1859,11731,uva
1867,1859,12300,uva
1868,1859,12301,uva
1869,1859,10566,uva
1870,1859,11186,uva
1871,1859,12165,uva
1872,1859,1447,uva
1873,1858,Extra,nil
1874,1873,10347,uva
1875,1873,10439,uva
1876,1873,10522,uva
1877,1873,194,uva
1878,1873,438,uva
1879,1857,Geometric Computations in 2D,nil
1880,1879,Examples,nil
1881,1880,Code,nil
1882,1881,11178,uva
1883,1881,1342,uva
1884,1881,11796,uva
1885,1881,12304,uva
1886,1880,Analysis,nil
1887,1886,1308,uva
1888,1879,Exercises: Beginner,nil
1889,1888,Recommendation,nil
1890,1889,1301,uva
1891,1889,10969,uva
1892,1888,Extra,nil
1893,1892,10075,uva
1894,1892,10335,uva
1895,1892,10556,uva
1896,1892,10585,uva
1897,1892,11928,uva
1898,1892,361,uva
1899,1892,503,uva
1900,1892,303,uva
1901,1892,313,uva
1902,1892,800,uva
1903,1879,Exercises: Intermediate,nil
1904,1903,Recommendation,nil
1905,1904,11177,uva
1906,1904,11978,uva
1907,1904,1359,uva
1908,1904,1463,uva
1909,1903,Extra,nil
1910,1909,10321,uva
1911,1909,10809,uva
1912,1909,10867,uva
1913,1909,10915,uva
1914,1909,203,uva
1915,1909,217,uva
1916,1909,319,uva
1917,1909,421,uva
1918,1879,Exercises: Advanced,nil
1919,1918,Extra,nil
1920,1919,1003,uva
1921,1919,1017,uva
1922,1919,11188,uva
1923,1919,12306,uva
1924,1919,12309,uva
1925,1919,12314,uva
1926,1919,11037,uva
1927,1919,11746,uva
1928,1857,Geometric Algorithms in 2D,nil
1929,1928,Examples,nil
1930,1929,Code,nil
1931,1930,10652,uva
1932,1930,1396,uva
1933,1930,1298,uva
1934,1929,Analysis,nil
1935,1934,11168,uva
1936,1934,10256,uva
1937,1934,1453,uva
1938,1934,1475,uva
1939,1934,1318,uva
1940,1934,1340,uva
1941,1934,12296,uva
1942,1928,Exercises: Beginner,nil
1943,1942,Recommendation,nil
1944,1943,1303,uva
1945,1943,1304,uva
1946,1943,10084,uva
1947,1943,12307,uva
1948,1942,Extra,nil
1949,1948,10245,uva
1950,1948,11072,uva
1951,1948,11265,uva
1952,1948,588,uva
1953,1948,754,uva
1954,1948,811,uva
1955,1928,Exercises: Intermediate,nil
1956,1955,Recommendation,nil
1957,1956,11726,uva
1958,1956,11595,uva
1959,1956,1334,uva
1960,1956,1506,uva
1961,1956,1446,uva
1962,1955,Extra,nil
1963,1962,11277,uva
1964,1962,11612,uva
1965,1962,11681,uva
1966,1962,12016,uva
1967,1962,427,uva
1968,1962,667,uva
1969,1962,802,uva
1970,1962,819,uva
1971,1962,823,uva
1972,1928,Exercises: Advanced,nil
1973,1972,Extra,nil
1974,1973,12311,uva
1975,1973,10095,uva
1976,1973,10204,uva
1977,1973,10456,uva
1978,1973,11243,uva
1979,1973,11740,uva
1980,1973,11756,uva
1981,1973,691,uva
1982,1973,805,uva
1983,1857,Geometric Computations and Algorithms in 3D,nil
1984,1983,Examples,nil
1985,1984,Code,nil
1986,1985,11275,uva
1987,1985,1469,uva
1988,1984,Analysis,nil
1989,1988,1438,uva
1990,1988,1100,uva
1991,1983,Exercises: Beginner,nil
1992,1991,Recommendation,nil
1993,1992,1373,uva
1994,1992,1333,uva
1995,1992,1360,uva
1996,1992,10794,uva
1997,1992,11836,uva
1998,1991,Extra,nil
1999,1998,415,uva
2000,1998,535,uva
2001,1998,578,uva
2002,1998,659,uva
2003,1983,Exercises: Intermediate,nil
2004,2003,Recommendation,nil
2005,2004,1337,uva
2006,2004,1483,uva
2007,2004,1433,uva
2008,2004,1488,uva
2009,2004,1313,uva
2010,2004,1338,uva
2011,2003,Extra,nil
2012,2011,10495,uva
2013,2011,10517,uva
2014,2011,11334,uva
2015,2011,1545,uva
2016,2011,1547,uva
2017,2011,420,uva
2018,2011,809,uva
2019,2011,813,uva
2020,1983,Exercises: Advanced,nil
2021,2020,Recommendation,nil
2022,2021,11887,uva
2023,2021,12313,uva
2024,2020,Extra,nil
2025,2024,12305,uva
2026,2024,12308,uva
2027,2024,12513,uva
2028,2024,11289,uva
2029,2024,11580,uva
2030,2024,11807,uva
2031,1000,C5 ProGraph,nil
2032,2031,Fundamentals,nil
2033,2032,Examples,nil
2034,2033,Analysis,nil
2035,2034,11624,uva
2036,2034,10047,uva
2037,2034,10054,uva
2038,2034,1423,uva
2039,2032,Exercises: Beginner,nil
2040,2039,Extra,nil
2041,2040,10441,uva
2042,2040,11573,uva
2043,2040,11748,uva
2044,2040,436,uva
2045,2040,515,uva
2046,2040,532,uva
2047,2040,534,uva
2048,2040,538,uva
2049,2040,705,uva
2050,2040,707,uva
2051,2040,810,uva
2052,2040,816,uva
2053,2032,Exercises: Intermediate,nil
2054,2053,Extra,nil
2055,2054,10457,uva
2056,2054,10607,uva
2057,2054,10798,uva
2058,2054,10941,uva
2059,2054,10968,uva
2060,2054,11165,uva
2061,2054,11853,uva
2062,2054,258,uva
2063,2054,308,uva
2064,2054,1568,uva
2065,2054,359,uva
2066,2054,715,uva
2067,2054,1569,uva
2068,2032,Exercises: Advanced,nil
2069,2068,Extra,nil
2070,2069,11175,uva
2071,2069,12017,uva
2072,2031,DFS (Depth First Search),nil
2073,2072,Examples,nil
2074,2073,Code,nil
2075,2074,1364,uva
2076,2074,1108,uva
2077,2074,12167,uva
2078,2074,1146,uva
2079,2073,Analysis,nil
2080,2079,11324,uva
2081,2079,1391,uva
2082,2072,Exercises: Beginner,nil
2083,2082,Recommendation,nil
2084,2083,11396,uva
2085,2083,1357,uva
2086,2083,10765,uva
2087,2083,11294,uva
2088,2082,Extra,nil
2089,2088,10319,uva
2090,2088,11080,uva
2091,2088,11504,uva
2092,2088,610,uva
2093,2072,Exercises: Intermediate,nil
2094,2093,Recommendation,nil
2095,2094,1086,uva
2096,2094,1361,uva
2097,2094,10972,uva
2098,2094,1514,uva
2099,2094,11604,uva
2100,2094,12273,uva
2101,2094,1310,uva
2102,2093,Extra,nil
2103,2102,10510,uva
2104,2102,11098,uva
2105,2102,11930,uva
2106,2072,Exercises: Advanced,nil
2107,2106,Recommendation,nil
2108,2107,1466,uva
2109,2107,1464,uva
2110,2107,1116,uva
2111,2031,Shortest Paths,nil
2112,2111,Examples,nil
2113,2112,Code,nil
2114,2113,11090,uva
2115,2113,1078,uva
2116,2112,Analysis,nil
2117,2116,11374,uva
2118,2116,10917,uva
2119,2116,1416,uva
2120,2116,10537,uva
2121,2116,11478,uva
2122,2116,1048,uva
2123,2116,1376,uva
2124,2111,Exercises: Beginner,nil
2125,2124,Recommendation,nil
2126,2125,10603,uva
2127,2125,10269,uva
2128,2125,11367,uva
2129,2125,11280,uva
2130,2124,Extra,nil
2131,2130,10246,uva
2132,2130,558,uva
2133,2130,658,uva
2134,2111,Exercises: Intermediate,nil
2135,2134,Recommendation,nil
2136,2135,1348,uva
2137,2135,1516,uva
2138,2135,1518,uva
2139,2134,Extra,nil
2140,2139,10342,uva
2141,2139,10740,uva
2142,2139,10841,uva
2143,2139,10967,uva
2144,2111,Exercises: Advanced,nil
2145,2144,Recommendation,nil
2146,2145,12227,uva
2147,2145,1311,uva
2148,2145,1321,uva
2149,2144,Extra,nil
2150,2149,1057,uva
2151,2149,1081,uva
2152,2149,1089,uva
2153,2149,1097,uva
2154,2149,10381,uva
2155,2031,Minimal Spanning Tree and Variants,nil
2156,2155,Examples,nil
2157,2156,Code,nil
2158,2157,11354,uva
2159,2156,Analysis,nil
2160,2159,1494,uva
2161,2159,11865,uva
2162,2155,Exercises: Beginner,nil
2163,2162,Recommendation,nil
2164,2163,1395,uva
2165,2163,10600,uva
2166,2163,11183,uva
2167,2163,10816,uva
2168,2162,Extra,nil
2169,2168,10938,uva
2170,2168,11747,uva
2171,2168,544,uva
2172,2155,Exercises: Intermediate,nil
2173,2172,Recommendation,nil
2174,2173,10369,uva
2175,2173,1265,uva
2176,2173,12275,uva
2177,2173,1504,uva
2178,2155,Exercises: Advanced,nil
2179,2178,Extra,nil
2180,2179,1537,uva
2181,2031,Bipartite Graph Matching,nil
2182,2181,Examples,nil
2183,2182,Code,nil
2184,2183,1175,uva
2185,2182,Analysis,nil
2186,2185,1411,uva
2187,2185,11383,uva
2188,2185,1006,uva
2189,2185,11419,uva
2190,2185,12083,uva
2191,2185,1201,uva
2192,2181,Exercises: Beginner,nil
2193,2192,Recommendation,nil
2194,2193,1349,uva
2195,2193,12168,uva
2196,2193,1045,uva
2197,2181,Exercises: Intermediate,nil
2198,2197,Recommendation,nil
2199,2198,10615,uva
2200,2198,1327,uva
2201,2198,1459,uva
2202,2197,Extra,nil
2203,2202,10735,uva
2204,2202,10888,uva
2205,2202,11119,uva
2206,2181,Exercises: Advanced,nil
2207,2206,Extra,nil
2208,2207,10418,uva
2209,2207,10630,uva
2210,2031,Network Flows,nil
2211,2210,Examples,nil
2212,2211,Analysis,nil
2213,2212,11248,uva
2214,2212,1324,uva
2215,2212,1306,uva
2216,2212,10779,uva
2217,2212,11613,uva
2218,2210,Exercises: Beginner,nil
2219,2218,Recommendation,nil
2220,2219,10806,uva
2221,2219,1345,uva
2222,2219,1161,uva
2223,2219,12125,uva
2224,2219,1212,uva
2225,2219,1317,uva
2226,2219,1486,uva
2227,2218,Extra,nil
2228,2227,10249,uva
2229,2227,10380,uva
2230,2227,11380,uva
2231,2227,563,uva
2232,2210,Exercises: Intermediate,nil
2233,2232,Recommendation,nil
2234,2233,11167,uva
2235,2233,11082,uva
2236,2233,1440,uva
2237,2233,12092,uva
2238,2233,1515,uva
2239,2233,12264,uva
2240,2233,1369,uva
2241,2232,Extra,nil
2242,2241,11544,uva
2243,2241,11594,uva
2244,2241,11603,uva
2245,2210,Exercises: Advanced,nil
2246,2245,Recommendation,nil
2247,2246,1389,uva
2248,2246,1104,uva
2249,2245,Extra,nil
2250,2249,11700,uva
2251,1000,C6 ProTopic,nil
2252,2251,Dynamic Programming on Borderline,nil
2253,2252,Examples,nil
2254,2253,Code,nil
2255,2254,11270,uva
2256,2253,Analysis,nil
2257,2256,1214,uva
2258,2256,10572,uva
2259,2252,Exercises: Beginner,nil
2260,2259,Recommendation,nil
2261,2260,12117,uva
2262,2260,1408,uva
2263,2252,Exercises: Intermediate,nil
2264,2263,Recommendation,nil
2265,2264,11741,uva
2266,2264,11443,uva
2267,2263,Extra,nil
2268,2267,10531,uva
2269,2267,11531,uva
2270,2252,Exercises: Advanced,nil
2271,2270,Recommendation,nil
2272,2271,11276,uva
2273,2271,1094,uva
2274,2271,1501,uva
2275,2251,Advanced Data Structure Topics,nil
2276,2275,Examples,nil
2277,2276,Code,nil
2278,2277,11297,uva
2279,2277,12003,uva
2280,2276,Analysis,nil
2281,2280,11990,uva
2282,2275,Exercises: Beginner,nil
2283,2282,Recommendation,nil
2284,2283,12074,uva
2285,2283,1417,uva
2286,2283,12345,uva
2287,2283,1465,uva
2288,2275,Exercises: Intermediate,nil
2289,2288,Recommendation,nil
2290,2289,1383,uva
2291,2289,12389,uva
2292,2289,1490,uva
2293,2275,Exercises: Advanced,nil
2294,2293,Recommendation,nil
2295,2294,1480,uva
2296,2294,1472,uva
2297,2294,11607,uva
2298,2294,12312,uva
2299,2294,1106,uva
2300,2251,Brute Force,nil
2301,2300,Examples,nil
2302,2301,Code,nil
2303,2302,12112,uva
2304,2302,1085,uva
2305,2302,1309,uva
2306,2300,Exercises: Beginner,nil
2307,2306,Recommendation,nil
2308,2307,1063,uva
2309,2307,1343,uva
2310,2307,10838,uva
2311,2307,12180,uva
2312,2307,1461,uva
2313,2307,1499,uva
2314,2307,1505,uva
2315,2306,Extra,nil
2316,2315,12569,uva
2317,2315,10274,uva
2318,2315,10422,uva
2319,2315,10536,uva
2320,2315,1565,uva
2321,2315,704,uva
2322,2315,751,uva
2323,2300,Exercises: Intermediate,nil
2324,2323,Recommendation,nil
2325,2324,1041,uva
2326,2324,1495,uva
2327,2324,11212,uva
2328,2323,Extra,nil
2329,2328,12558,uva
2330,2328,10358,uva
2331,2328,10384,uva
2332,2328,10704,uva
2333,2328,11376,uva
2334,2328,11501,uva
2335,2328,11513,uva
2336,2300,Exercises: Advanced,nil
2337,2336,Recommendation,nil
2338,2337,1353,uva
2339,2337,12418,uva
2340,2337,11211,uva
2341,2337,11213,uva
2342,2337,1008,uva
2343,2336,Extra,nil
2344,2343,11208,uva
2345,2343,12570,uva
2346,2343,11772,uva
2347,2251,Selected Topics in Geometry,nil
2348,2347,Examples,nil
2349,2348,Code,nil
2350,2349,1077,uva
2351,2349,1075,uva
2352,2348,Analysis,nil
2353,2352,1102,uva
2354,2352,12303,uva
2355,2352,1367,uva
2356,2352,1065,uva
2357,2352,11921,uva
2358,2352,1060,uva
2359,2347,Exercises: Beginner,nil
2360,2359,Recommendation,nil
2361,2360,1497,uva
2362,2360,12237,uva
2363,2360,1138,uva
2364,2360,10514,uva
2365,2359,Extra,nil
2366,2365,10760,uva
2367,2365,12029,uva
2368,2365,688,uva
2369,2347,Exercises: Intermediate,nil
2370,2369,Recommendation,nil
2371,2370,1409,uva
2372,2370,1387,uva
2373,2370,1507,uva
2374,2369,Extra,nil
2375,2374,10613,uva
2376,2374,10762,uva
2377,2374,248,uva
2378,2347,Exercises: Advanced,nil
2379,2378,Extra,nil
2380,2379,1014,uva
2381,2379,11425,uva
2382,2379,12565,uva
2383,2379,1288,uva
2384,2251,Selected Topics in Mathematics,nil
2385,2384,Examples,nil
2386,2385,Analysis,nil
2387,2386,11017,uva
2388,2386,1384,uva
2389,2386,1457,uva
2390,2386,12298,uva
2391,2386,10498,uva
2392,2384,Exercises: Beginner,nil
2393,2392,Recommendation,nil
2394,2393,11640,uva
2395,2393,1059,uva
2396,2393,12076,uva
2397,2393,1305,uva
2398,2384,Exercises: Intermediate,nil
2399,2398,Recommendation,nil
2400,2399,12327,uva
2401,2399,1410,uva
2402,2398,Extra,nil
2403,2402,12512,uva
2404,2384,Exercises: Advanced,nil
2405,2404,Recommendation,nil
2406,2405,12344,uva
2407,2404,Extra,nil
2408,2407,12434,uva
2409,2407,12567,uva
2410,2407,10089,uva
2411,2251,Writing and Debugging Complex Codes,nil
2412,2411,Examples,nil
2413,2412,Code,nil
2414,2413,10966,uva
2415,2413,12233,uva
2416,2411,Exercises: Beginner,nil
2417,2416,Recommendation,nil
2418,2417,1024,uva
2419,2417,1087,uva
2420,2417,1458,uva
2421,2417,12014,uva
2422,2417,1477,uva
2423,2417,1294,uva
2424,2417,1296,uva
2425,2417,12412,uva
2426,2416,Extra,nil
2427,2426,10741,uva
2428,2426,11717,uva
2429,2426,11956,uva
2430,2426,10467,uva
2431,2426,10584,uva
2432,2426,10996,uva
2433,2426,1544,uva
2434,2426,1527,uva
2435,2426,1528,uva
2436,2426,163,uva
2437,2426,206,uva
2438,2426,207,uva
2439,2426,210,uva
2440,2426,214,uva
2441,2426,226,uva
2442,2426,253,uva
2443,2426,316,uva
2444,2426,320,uva
2445,2426,346,uva
2446,2426,449,uva
2447,2426,508,uva
2448,2426,509,uva
2449,2426,512,uva
2450,2426,513,uva
2451,2426,533,uva
2452,2426,592,uva
2453,2426,603,uva
2454,2426,765,uva
2455,2426,803,uva
2456,2426,804,uva
2457,2426,806,uva
2458,2426,807,uva
2459,2426,814,uva
2460,2426,815,uva
2461,2426,822,uva
2462,2411,Exercises: Intermediate,nil
2463,2462,Recommendation,nil
2464,2463,10757,uva
2465,2463,1454,uva
2466,2463,1293,uva
2467,2463,1307,uva
2468,2463,1512,uva
2469,2462,Extra,nil
2470,2469,10612,uva
2471,2469,10155,uva
2472,2469,11575,uva
2473,2469,1540,uva
2474,2469,1542,uva
2475,2469,1532,uva
2476,2469,1553,uva
2477,2469,212,uva
2478,2469,252,uva
2479,2469,281,uva
2480,2469,292,uva
2481,2469,293,uva
2482,2469,330,uva
2483,2469,396,uva
2484,2469,611,uva
2485,2411,Exercises: Advanced,nil
2486,2485,Recommendation,nil
2487,2486,1055,uva
2488,2486,1460,uva
2489,2486,12417,uva
2490,2486,12421,uva
2491,2486,12422,uva
2492,2486,12423,uva
2493,2485,Extra,nil
2494,2493,11886,uva
2495,2493,1552,uva
2496,2493,304,uva
393,1000,C12. Advanced Topics,nil
394,393,Examples,nil
395,394,Analysis,nil
396,395,1671,uva
397,395,1672,uva
398,395,1673,uva
399,395,12161,uva
400,395,11994,uva
401,395,1674,uva
402,395,12538,uva
403,395,805,uva
404,395,1675,uva
405,395,12314,uva
406,395,1520,uva
407,395,1676,uva
408,395,11998,uva
409,395,1104,uva
410,395,12567,uva
411,395,12110,uva
412,395,12253,uva
413,395,12164,uva
414,395,1677,uva
415,395,1678,uva
416,395,1679,uva
417,395,12162,uva
418,395,1017,uva
419,395,1286,uva
420,395,1288,uva
421,395,12565,uva
422,395,11188,uva
423,395,12308,uva
424,395,1680,uva
425,395,1097,uva
426,395,1681,uva
427,395,11199,uva
428,395,1682,uva
429,395,11521,uva
430,395,12417,uva
431,395,12666,uva
432,395,12731,uva
433,393,Extra,nil
434,433,1683,uva
435,433,12629,uva
436,433,12698,uva
437,433,12711,uva
438,433,12713,uva
439,433,12513,uva
440,433,11594,uva
441,433,12415,uva
442,433,11993,uva
443,433,10766,uva
444,433,11118,uva
445,433,11915,uva
446,433,1684,uva
447,433,1685,uva
448,393,Exercises,nil
449,448,12306,uva
450,448,1686,uva
451,448,1687,uva
452,448,12227,uva
453,448,1688,uva
454,448,1689,uva
455,448,11425,uva
456,448,1570,uva
457,448,1690,uva
458,448,1573,uva
459,448,1691,uva
460,448,1692,uva
461,448,1693,uva
462,448,1290,uva
463,448,1694,uva
464,448,12570,uva
465,448,10383,uva
466,448,12566,uva
467,448,1695,uva
468,448,1696,uva
